Video Title,Video link
BEST OF AFRICAMED NEYLA,https://youtu.be/Z_OaRPO3Iko
DECOMEUBLE CHARKAOUI NADOR,https://youtu.be/33h3FSDj1Pk
8eme EDITION DU SALON INTERNATIONAL DU TEXTILE,https://youtu.be/_Xxc2tr09H0
LAFARGE,https://youtu.be/M4zdseMhF_o
best of all nad publication,https://youtu.be/0pbhjZID1Qk
FORMATION ESCA,https://youtu.be/-ZpQdqXDii4
06 8eme EDITION DU SALON INTERNATIONAL DU TEXTILE 2,https://youtu.be/qZgEYe42ql8
AIEM,https://youtu.be/fxsMnF0e1Hs
mesidor,https://youtu.be/piwiymbXf6U
MARATHON BOUSKOURA,https://youtu.be/zFOTCZVWsEU
charaka,https://youtu.be/ojVfYnutpwo
dreamin africa 2025,https://youtu.be/TJsticcbRI8
soirée dar kaid dreamin africa 2025,https://youtu.be/GumI8rwY8O4
white garden,https://youtu.be/WJkb69qLQWc
EDS,https://youtu.be/svy2gkeHlaI
TANGER SALON D'AUTOMOBILE,https://youtu.be/2lkVh-CPmqQ
GITEX,https://youtu.be/0M_1cuI7Ka0
AFRICA DREAMIN,https://youtu.be/6bcMSx1yUKY
BEST OF REXA,https://youtu.be/eoXMoNCiicM
HUNDAI,https://youtu.be/3cTWs4NhNCw
MARATHON CASA,https://youtu.be/dS6se5XrTUg
GAB,https://youtu.be/VY8z6cyMSNk